Category,FileName,Selection
CurrentAfr,CurrentAfr01.txt,0
CurrentAfr,CurrentAfr01.txt,1
CurrentAfr,CurrentAfr01.txt,1
CurrentAfr,CurrentAfr01.txt,0
CurrentAfr,CurrentAfr01.txt,0
CurrentAfr,CurrentAfr01.txt,0
CurrentAfr,CurrentAfr01.txt,0
CurrentAfr,CurrentAfr01.txt,1
CurrentAfr,CurrentAfr01.txt,1
CurrentAfr,CurrentAfr01.txt,0
CurrentAfr,CurrentAfr01.txt,0
CurrentAfr,CurrentAfr01.txt,1
CurrentAfr,CurrentAfr02.txt,1
CurrentAfr,CurrentAfr02.txt,0
CurrentAfr,CurrentAfr02.txt,1
CurrentAfr,CurrentAfr02.txt,0
CurrentAfr,CurrentAfr02.txt,0
CurrentAfr,CurrentAfr02.txt,0
CurrentAfr,CurrentAfr02.txt,1
CurrentAfr,CurrentAfr02.txt,0
CurrentAfr,CurrentAfr02.txt,1
CurrentAfr,CurrentAfr03.txt,0
CurrentAfr,CurrentAfr03.txt,0
CurrentAfr,CurrentAfr03.txt,1
CurrentAfr,CurrentAfr03.txt,0
CurrentAfr,CurrentAfr03.txt,0
CurrentAfr,CurrentAfr03.txt,0
CurrentAfr,CurrentAfr03.txt,1
CurrentAfr,CurrentAfr03.txt,0
CurrentAfr,CurrentAfr03.txt,1
CurrentAfr,CurrentAfr03.txt,0
CurrentAfr,CurrentAfr03.txt,0
CurrentAfr,CurrentAfr03.txt,1
CurrentAfr,CurrentAfr03.txt,1
CurrentAfr,CurrentAfr04.txt,1
CurrentAfr,CurrentAfr04.txt,1
CurrentAfr,CurrentAfr04.txt,0
CurrentAfr,CurrentAfr04.txt,0
CurrentAfr,CurrentAfr04.txt,0
CurrentAfr,CurrentAfr04.txt,1
CurrentAfr,CurrentAfr04.txt,0
CurrentAfr,CurrentAfr04.txt,0
CurrentAfr,CurrentAfr04.txt,0
CurrentAfr,CurrentAfr04.txt,1
CurrentAfr,CurrentAfr04.txt,0
CurrentAfr,CurrentAfr05.txt,1
CurrentAfr,CurrentAfr05.txt,0
CurrentAfr,CurrentAfr05.txt,1
CurrentAfr,CurrentAfr05.txt,1
CurrentAfr,CurrentAfr05.txt,1
CurrentAfr,CurrentAfr05.txt,0
CurrentAfr,CurrentAfr05.txt,0
CurrentAfr,CurrentAfr05.txt,0
CurrentAfr,CurrentAfr05.txt,0
CurrentAfr,CurrentAfr05.txt,0
CurrentAfr,CurrentAfr06.txt,1
CurrentAfr,CurrentAfr06.txt,0
CurrentAfr,CurrentAfr06.txt,0
CurrentAfr,CurrentAfr06.txt,0
CurrentAfr,CurrentAfr06.txt,1
CurrentAfr,CurrentAfr06.txt,0
CurrentAfr,CurrentAfr06.txt,1
CurrentAfr,CurrentAfr06.txt,0
CurrentAfr,CurrentAfr07.txt,1
CurrentAfr,CurrentAfr07.txt,0
CurrentAfr,CurrentAfr07.txt,0
CurrentAfr,CurrentAfr07.txt,0
CurrentAfr,CurrentAfr07.txt,1
CurrentAfr,CurrentAfr07.txt,0
CurrentAfr,CurrentAfr07.txt,1
CurrentAfr,CurrentAfr07.txt,0
CurrentAfr,CurrentAfr07.txt,0
CurrentAfr,CurrentAfr07.txt,1
CurrentAfr,CurrentAfr08.txt,1
CurrentAfr,CurrentAfr08.txt,0
CurrentAfr,CurrentAfr08.txt,1
CurrentAfr,CurrentAfr08.txt,1
CurrentAfr,CurrentAfr08.txt,0
CurrentAfr,CurrentAfr08.txt,1
CurrentAfr,CurrentAfr08.txt,0
CurrentAfr,CurrentAfr08.txt,0
CurrentAfr,CurrentAfr08.txt,0
CurrentAfr,CurrentAfr08.txt,0
CurrentAfr,CurrentAfr08.txt,1
CurrentAfr,CurrentAfr08.txt,0
CurrentAfr,CurrentAfr08.txt,0
CurrentAfr,CurrentAfr08.txt,0
CurrentAfr,CurrentAfr08.txt,0
CurrentAfr,CurrentAfr08.txt,0
CurrentAfr,CurrentAfr08.txt,0
CurrentAfr,CurrentAfr08.txt,1
CurrentAfr,CurrentAfr08.txt,0
CurrentAfr,CurrentAfr08.txt,0
CurrentAfr,CurrentAfr08.txt,0
CurrentAfr,CurrentAfr08.txt,0
CurrentAfr,CurrentAfr08.txt,0
CurrentAfr,CurrentAfr08.txt,1
CurrentAfr,CurrentAfr08.txt,1
CurrentAfr,CurrentAfr08.txt,0
CurrentAfr,CurrentAfr08.txt,1
CurrentAfr,CurrentAfr08.txt,0
CurrentAfr,CurrentAfr08.txt,1
CurrentAfr,CurrentAfr08.txt,1
CurrentAfr,CurrentAfr08.txt,0
CurrentAfr,CurrentAfr08.txt,0
CurrentAfr,CurrentAfr08.txt,1
CurrentAfr,CurrentAfr08.txt,0
CurrentAfr,CurrentAfr08.txt,1
CurrentAfr,CurrentAfr08.txt,0
CurrentAfr,CurrentAfr08.txt,0
CurrentAfr,CurrentAfr08.txt,1
CurrentAfr,CurrentAfr08.txt,1
CurrentAfr,CurrentAfr08.txt,1
CurrentAfr,CurrentAfr08.txt,0
CurrentAfr,CurrentAfr08.txt,0
CurrentAfr,CurrentAfr08.txt,1
CurrentAfr,CurrentAfr08.txt,1
CurrentAfr,CurrentAfr08.txt,1
CurrentAfr,CurrentAfr08.txt,0
CurrentAfr,CurrentAfr08.txt,0
CurrentAfr,CurrentAfr08.txt,0
CurrentAfr,CurrentAfr08.txt,1
CurrentAfr,CurrentAfr08.txt,0
CurrentAfr,CurrentAfr08.txt,0
CurrentAfr,CurrentAfr08.txt,1
CurrentAfr,CurrentAfr08.txt,0
CurrentAfr,CurrentAfr08.txt,1
CurrentAfr,CurrentAfr09.txt,1
CurrentAfr,CurrentAfr09.txt,1
CurrentAfr,CurrentAfr09.txt,1
CurrentAfr,CurrentAfr09.txt,1
CurrentAfr,CurrentAfr09.txt,0
CurrentAfr,CurrentAfr09.txt,1
CurrentAfr,CurrentAfr09.txt,0
CurrentAfr,CurrentAfr09.txt,0
CurrentAfr,CurrentAfr09.txt,0
CurrentAfr,CurrentAfr09.txt,0
CurrentAfr,CurrentAfr09.txt,0
CurrentAfr,CurrentAfr09.txt,1
CurrentAfr,CurrentAfr09.txt,0
CurrentAfr,CurrentAfr09.txt,1
CurrentAfr,CurrentAfr09.txt,0
CurrentAfr,CurrentAfr09.txt,1
CurrentAfr,CurrentAfr09.txt,0
CurrentAfr,CurrentAfr09.txt,0
CurrentAfr,CurrentAfr09.txt,0
CurrentAfr,CurrentAfr10.txt,1
CurrentAfr,CurrentAfr10.txt,0
CurrentAfr,CurrentAfr10.txt,1
CurrentAfr,CurrentAfr10.txt,0
CurrentAfr,CurrentAfr10.txt,0
CurrentAfr,CurrentAfr10.txt,1
CurrentAfr,CurrentAfr10.txt,0
CurrentAfr,CurrentAfr10.txt,0
CurrentAfr,CurrentAfr10.txt,1
CurrentAfr,CurrentAfr10.txt,0
CurrentAfr,CurrentAfr10.txt,0
CurrentAfr,CurrentAfr10.txt,1
CurrentAfr,CurrentAfr11.txt,1
CurrentAfr,CurrentAfr11.txt,1
CurrentAfr,CurrentAfr11.txt,0
CurrentAfr,CurrentAfr11.txt,0
CurrentAfr,CurrentAfr11.txt,0
CurrentAfr,CurrentAfr11.txt,0
CurrentAfr,CurrentAfr11.txt,1
CurrentAfr,CurrentAfr11.txt,1
CurrentAfr,CurrentAfr11.txt,0
CurrentAfr,CurrentAfr11.txt,0
CurrentAfr,CurrentAfr11.txt,0
CurrentAfr,CurrentAfr11.txt,1
CurrentAfr,CurrentAfr11.txt,0
CurrentAfr,CurrentAfr11.txt,1
CurrentAfr,CurrentAfr11.txt,1
CurrentAfr,CurrentAfr11.txt,0
CurrentAfr,CurrentAfr11.txt,0
CurrentAfr,CurrentAfr11.txt,0
CurrentAfr,CurrentAfr12.txt,0
CurrentAfr,CurrentAfr12.txt,1
CurrentAfr,CurrentAfr12.txt,0
CurrentAfr,CurrentAfr12.txt,1
CurrentAfr,CurrentAfr12.txt,0
CurrentAfr,CurrentAfr12.txt,1
CurrentAfr,CurrentAfr12.txt,0
CurrentAfr,CurrentAfr12.txt,1
CurrentAfr,CurrentAfr12.txt,1
CurrentAfr,CurrentAfr12.txt,1
CurrentAfr,CurrentAfr12.txt,0
CurrentAfr,CurrentAfr12.txt,0
CurrentAfr,CurrentAfr12.txt,0
CurrentAfr,CurrentAfr12.txt,0
CurrentAfr,CurrentAfr12.txt,0
CurrentAfr,CurrentAfr13.txt,0
CurrentAfr,CurrentAfr13.txt,0
CurrentAfr,CurrentAfr13.txt,0
CurrentAfr,CurrentAfr13.txt,1
CurrentAfr,CurrentAfr13.txt,0
CurrentAfr,CurrentAfr13.txt,1
CurrentAfr,CurrentAfr13.txt,0
CurrentAfr,CurrentAfr13.txt,0
CurrentAfr,CurrentAfr13.txt,1
CurrentAfr,CurrentAfr13.txt,0
CurrentAfr,CurrentAfr13.txt,1
CurrentAfr,CurrentAfr14.txt,1
CurrentAfr,CurrentAfr14.txt,1
CurrentAfr,CurrentAfr14.txt,0
CurrentAfr,CurrentAfr14.txt,0
CurrentAfr,CurrentAfr14.txt,0
CurrentAfr,CurrentAfr14.txt,1
CurrentAfr,CurrentAfr14.txt,0
CurrentAfr,CurrentAfr14.txt,0
CurrentAfr,CurrentAfr14.txt,0
CurrentAfr,CurrentAfr14.txt,0
CurrentAfr,CurrentAfr14.txt,0
CurrentAfr,CurrentAfr14.txt,1
CurrentAfr,CurrentAfr14.txt,0
CurrentAfr,CurrentAfr14.txt,0
CurrentAfr,CurrentAfr14.txt,0
CurrentAfr,CurrentAfr14.txt,0
CurrentAfr,CurrentAfr14.txt,0
CurrentAfr,CurrentAfr14.txt,1
CurrentAfr,CurrentAfr14.txt,1
CurrentAfr,CurrentAfr14.txt,0
CurrentAfr,CurrentAfr14.txt,1
CurrentAfr,CurrentAfr14.txt,1
CurrentAfr,CurrentAfr14.txt,1
Ent,Ent01.txt,0
Ent,Ent01.txt,1
Ent,Ent01.txt,0
Ent,Ent01.txt,1
Ent,Ent01.txt,0
Ent,Ent01.txt,1
Ent,Ent01.txt,0
Ent,Ent01.txt,0
Ent,Ent01.txt,0
Ent,Ent01.txt,0
Ent,Ent01.txt,1
Ent,Ent01.txt,1
Ent,Ent02.txt,1
Ent,Ent02.txt,0
Ent,Ent02.txt,0
Ent,Ent02.txt,0
Ent,Ent02.txt,1
Ent,Ent02.txt,0
Ent,Ent02.txt,1
Ent,Ent02.txt,0
Ent,Ent02.txt,1
Ent,Ent03.txt,1
Ent,Ent03.txt,1
Ent,Ent03.txt,1
Ent,Ent03.txt,0
Ent,Ent03.txt,1
Ent,Ent03.txt,0
Ent,Ent03.txt,0
Ent,Ent03.txt,0
Ent,Ent03.txt,0
Ent,Ent03.txt,0
Ent,Ent03.txt,0
Ent,Ent03.txt,1
Ent,Ent04.txt,0
Ent,Ent04.txt,1
Ent,Ent04.txt,0
Ent,Ent04.txt,0
Ent,Ent04.txt,0
Ent,Ent04.txt,1
Ent,Ent04.txt,1
Ent,Ent05.txt,1
Ent,Ent05.txt,0
Ent,Ent05.txt,0
Ent,Ent05.txt,0
Ent,Ent05.txt,1
Ent,Ent05.txt,1
Ent,Ent05.txt,0
Ent,Ent05.txt,0
Ent,Ent05.txt,1
Ent,Ent05.txt,0
Ent,Ent05.txt,0
Ent,Ent06.txt,1
Ent,Ent06.txt,1
Ent,Ent06.txt,0
Ent,Ent06.txt,1
Ent,Ent06.txt,0
Ent,Ent06.txt,0
Ent,Ent06.txt,0
Ent,Ent06.txt,0
Ent,Ent06.txt,1
Ent,Ent06.txt,0
Ent,Ent06.txt,1
Ent,Ent06.txt,0
Ent,Ent06.txt,0
Ent,Ent07.txt,1
Ent,Ent07.txt,0
Ent,Ent07.txt,1
Ent,Ent07.txt,1
Ent,Ent07.txt,0
Ent,Ent07.txt,0
Ent,Ent07.txt,1
Ent,Ent07.txt,0
Ent,Ent07.txt,0
Ent,Ent08.txt,1
Ent,Ent08.txt,1
Ent,Ent08.txt,0
Ent,Ent08.txt,0
Ent,Ent08.txt,1
Ent,Ent08.txt,0
Ent,Ent08.txt,0
Ent,Ent08.txt,0
Ent,Ent08.txt,0
Ent,Ent08.txt,0
Ent,Ent08.txt,1
Ent,Ent08.txt,0
Ent,Ent08.txt,0
Ent,Ent08.txt,0
Ent,Ent08.txt,1
Ent,Ent08.txt,1
Ent,Ent08.txt,1
Ent,Ent08.txt,1
Ent,Ent08.txt,0
Ent,Ent08.txt,0
Ent,Ent08.txt,0
Ent,Ent08.txt,1
Ent,Ent09.txt,1
Ent,Ent09.txt,0
Ent,Ent09.txt,0
Ent,Ent09.txt,0
Ent,Ent09.txt,1
Ent,Ent09.txt,1
Ent,Ent09.txt,0
Ent,Ent09.txt,1
Ent,Ent09.txt,0
Ent,Ent10.txt,1
Ent,Ent10.txt,1
Ent,Ent10.txt,1
Ent,Ent10.txt,1
Ent,Ent10.txt,1
Ent,Ent10.txt,0
Ent,Ent10.txt,1
Ent,Ent10.txt,1
Ent,Ent10.txt,0
Ent,Ent10.txt,0
Ent,Ent10.txt,1
Ent,Ent10.txt,1
Ent,Ent10.txt,0
Ent,Ent10.txt,1
Ent,Ent10.txt,0
Ent,Ent10.txt,0
Ent,Ent10.txt,0
Ent,Ent10.txt,0
Ent,Ent10.txt,0
Ent,Ent10.txt,0
Ent,Ent10.txt,0
Ent,Ent10.txt,0
Ent,Ent10.txt,0
Ent,Ent10.txt,0
Ent,Ent10.txt,1
Ent,Ent10.txt,0
Ent,Ent10.txt,0
Ent,Ent10.txt,0
Ent,Ent10.txt,1
Ent,Ent11.txt,1
Ent,Ent11.txt,0
Ent,Ent11.txt,1
Ent,Ent11.txt,0
Ent,Ent11.txt,1
Ent,Ent11.txt,0
Ent,Ent11.txt,0
Ent,Ent11.txt,0
Ent,Ent11.txt,1
Ent,Ent11.txt,0
Ent,Ent11.txt,0
Ent,Ent11.txt,1
Ent,Ent11.txt,0
Ent,Ent12.txt,0
Ent,Ent12.txt,1
Ent,Ent12.txt,1
Ent,Ent12.txt,0
Ent,Ent12.txt,0
Ent,Ent12.txt,0
Ent,Ent12.txt,1
Ent,Ent12.txt,0
Ent,Ent12.txt,0
Ent,Ent12.txt,1
Ent,Ent12.txt,0
Ent,Ent12.txt,1
Ent,Ent12.txt,0
Ent,Ent13.txt,1
Ent,Ent13.txt,1
Ent,Ent13.txt,0
Ent,Ent13.txt,1
Ent,Ent13.txt,0
Ent,Ent13.txt,1
Ent,Ent13.txt,0
Ent,Ent13.txt,1
Ent,Ent13.txt,0
Ent,Ent13.txt,1
Ent,Ent13.txt,0
Ent,Ent13.txt,0
Ent,Ent13.txt,0
Ent,Ent13.txt,0
Ent,Ent13.txt,1
Ent,Ent13.txt,0
Ent,Ent13.txt,0
Ent,Ent13.txt,0
Ent,Ent13.txt,0
Ent,Ent13.txt,0
Ent,Ent13.txt,1
Ent,Ent13.txt,0
Ent,Ent13.txt,0
Ent,Ent13.txt,0
Ent,Ent13.txt,1
Ent,Ent13.txt,1
Ent,Ent13.txt,0
Ent,Ent13.txt,1
Ent,Ent14.txt,1
Ent,Ent14.txt,0
Ent,Ent14.txt,1
Ent,Ent14.txt,0
Ent,Ent14.txt,1
Ent,Ent14.txt,1
Ent,Ent14.txt,0
Ent,Ent14.txt,0
Ent,Ent14.txt,0
Ent,Ent14.txt,0
Ent,Ent14.txt,1
Ent,Ent14.txt,0
Ent,Ent14.txt,1
Ent,Ent14.txt,0
Ent,Ent14.txt,1
Ent,Ent14.txt,0
Ent,Ent14.txt,0
Ent,Ent14.txt,0
Ent,Ent14.txt,1
Ent,Ent15.txt,1
Ent,Ent15.txt,0
Ent,Ent15.txt,1
Ent,Ent15.txt,0
Ent,Ent15.txt,1
Ent,Ent15.txt,0
Ent,Ent15.txt,0
Ent,Ent15.txt,1
Ent,Ent15.txt,0
Ent,Ent15.txt,1
Ent,Ent15.txt,1
Ent,Ent15.txt,0
Ent,Ent15.txt,0
Ent,Ent15.txt,0
Ent,Ent16.txt,1
Ent,Ent16.txt,0
Ent,Ent16.txt,1
Ent,Ent16.txt,0
Ent,Ent16.txt,1
Ent,Ent16.txt,0
Ent,Ent16.txt,0
Ent,Ent16.txt,1
Ent,Ent16.txt,0
Ent,Ent16.txt,0
Ent,Ent16.txt,0
Ent,Ent16.txt,0
Ent,Ent16.txt,1
Ent,Ent16.txt,0
Ent,Ent16.txt,0
Ent,Ent16.txt,1
Ent,Ent17.txt,1
Ent,Ent17.txt,0
Ent,Ent17.txt,1
Ent,Ent17.txt,0
Ent,Ent17.txt,1
Ent,Ent17.txt,0
Ent,Ent17.txt,0
Ent,Ent17.txt,0
Ent,Ent17.txt,0
Ent,Ent17.txt,1
Ent,Ent17.txt,0
Ent,Ent17.txt,0
Ent,Ent17.txt,1
Ent,Ent17.txt,0
Ent,Ent17.txt,0
Ent,Ent17.txt,0
Ent,Ent17.txt,1
Ent,Ent17.txt,1
Ent,Ent18.txt,0
Ent,Ent18.txt,1
Ent,Ent18.txt,0
Ent,Ent18.txt,0
Ent,Ent18.txt,1
Ent,Ent18.txt,0
Ent,Ent18.txt,0
Ent,Ent18.txt,1
Ent,Ent18.txt,0
Ent,Ent18.txt,0
Ent,Ent18.txt,0
Ent,Ent18.txt,1
Ent,Ent18.txt,0
Ent,Ent18.txt,1
Ent,Ent18.txt,1
Ent,Ent19.txt,1
Ent,Ent19.txt,0
Ent,Ent19.txt,0
Ent,Ent19.txt,1
Ent,Ent19.txt,0
Ent,Ent19.txt,0
Ent,Ent19.txt,0
Ent,Ent19.txt,1
Ent,Ent19.txt,0
Ent,Ent19.txt,1
Ent,Ent19.txt,1
Ent,Ent19.txt,0
Ent,Ent19.txt,0
Ent,Ent19.txt,1
Ent,Ent20.txt,0
Ent,Ent20.txt,0
Ent,Ent20.txt,1
Ent,Ent20.txt,0
Ent,Ent20.txt,0
Ent,Ent20.txt,1
Ent,Ent20.txt,0
Ent,Ent20.txt,1
Ent,Ent20.txt,0
Ent,Ent20.txt,1
Ent,Ent20.txt,1
Ent,Ent20.txt,0
Ent,Ent21.txt,1
Ent,Ent21.txt,0
Ent,Ent21.txt,0
Ent,Ent21.txt,0
Ent,Ent21.txt,0
Ent,Ent21.txt,0
Ent,Ent21.txt,0
Ent,Ent21.txt,0
Ent,Ent21.txt,0
Ent,Ent21.txt,0
Ent,Ent21.txt,1
Ent,Ent21.txt,0
Ent,Ent21.txt,1
Ent,Ent21.txt,0
Ent,Ent21.txt,1
Ent,Ent21.txt,1
Ent,Ent21.txt,1
Ent,Ent21.txt,1
Ent,Ent21.txt,1
Ent,Ent21.txt,0
Ent,Ent21.txt,1
Ent,Ent21.txt,0
Ent,Ent21.txt,0
Ent,Ent21.txt,1
Ent,Ent21.txt,0
Ent,Ent21.txt,0
Ent,Ent21.txt,1
Ent,Ent22.txt,1
Ent,Ent22.txt,1
Ent,Ent22.txt,0
Ent,Ent22.txt,0
Ent,Ent22.txt,1
Ent,Ent22.txt,0
Ent,Ent22.txt,0
Ent,Ent22.txt,1
Ent,Ent22.txt,0
Ent,Ent22.txt,0
Ent,Ent22.txt,0
Ent,Ent22.txt,1
Ent,Ent22.txt,0
Ent,Ent22.txt,0
Ent,Ent22.txt,0
Ent,Ent22.txt,0
Ent,Ent22.txt,1
Ent,Ent22.txt,1
Ent,Ent23.txt,1
Ent,Ent23.txt,0
Ent,Ent23.txt,1
Ent,Ent23.txt,0
Ent,Ent23.txt,0
Ent,Ent23.txt,1
Ent,Ent23.txt,0
Ent,Ent23.txt,1
Ent,Ent23.txt,0
Ent,Ent23.txt,0
Ent,Ent23.txt,0
Ent,Ent23.txt,0
Ent,Ent23.txt,0
Ent,Ent23.txt,0
Ent,Ent23.txt,1
Ent,Ent23.txt,1
Ent,Ent23.txt,0
Ent,Ent23.txt,0
Ent,Ent23.txt,1
Ent,Ent23.txt,0
Ent,Ent23.txt,1
Ent,Ent23.txt,0
Ent,Ent23.txt,1
Ent,Ent24.txt,1
Ent,Ent24.txt,0
Ent,Ent24.txt,0
Ent,Ent24.txt,0
Ent,Ent24.txt,1
Ent,Ent24.txt,0
Ent,Ent24.txt,0
Ent,Ent24.txt,0
Ent,Ent24.txt,1
Ent,Ent24.txt,0
Ent,Ent24.txt,0
Ent,Ent24.txt,1
Ent,Ent24.txt,1
Ent,Ent25.txt,1
Ent,Ent25.txt,0
Ent,Ent25.txt,0
Ent,Ent25.txt,1
Ent,Ent25.txt,0
Ent,Ent25.txt,1
Ent,Ent25.txt,0
Ent,Ent25.txt,0
Ent,Ent25.txt,0
Ent,Ent25.txt,1
Ent,Ent26.txt,1
Ent,Ent26.txt,0
Ent,Ent26.txt,1
Ent,Ent26.txt,0
Ent,Ent26.txt,1
Ent,Ent26.txt,1
Ent,Ent26.txt,0
Ent,Ent26.txt,0
Ent,Ent26.txt,1
Ent,Ent26.txt,1
Ent,Ent26.txt,0
Ent,Ent26.txt,0
Ent,Ent26.txt,0
Ent,Ent26.txt,0
Ent,Ent26.txt,0
Ent,Ent27.txt,1
Ent,Ent27.txt,0
Ent,Ent27.txt,1
Ent,Ent27.txt,0
Ent,Ent27.txt,0
Ent,Ent27.txt,1
Ent,Ent27.txt,1
Ent,Ent27.txt,0
Ent,Ent27.txt,0
Ent,Ent27.txt,1
Ent,Ent27.txt,1
Ent,Ent27.txt,0
Ent,Ent27.txt,0
Ent,Ent27.txt,0
Ent,Ent27.txt,0
Ent,Ent27.txt,0
Ent,Ent27.txt,0
Ent,Ent27.txt,1
Ent,Ent28.txt,1
Ent,Ent28.txt,0
Ent,Ent28.txt,1
Ent,Ent28.txt,1
Ent,Ent28.txt,0
Ent,Ent28.txt,1
Ent,Ent28.txt,0
Ent,Ent28.txt,0
Ent,Ent28.txt,1
Ent,Ent28.txt,0
Ent,Ent28.txt,0
Ent,Ent28.txt,1
Ent,Ent28.txt,0
Ent,Ent28.txt,1
Ent,Ent28.txt,1
Ent,Ent28.txt,1
Ent,Ent28.txt,0
Ent,Ent28.txt,0
Ent,Ent28.txt,0
Ent,Ent28.txt,0
Ent,Ent28.txt,1
Ent,Ent28.txt,0
Ent,Ent28.txt,0
Ent,Ent28.txt,0
Health,Health01.txt,1
Health,Health01.txt,1
Health,Health01.txt,0
Health,Health01.txt,0
Health,Health01.txt,0
Health,Health01.txt,1
Health,Health01.txt,1
Health,Health01.txt,0
Health,Health01.txt,0
Health,Health01.txt,0
Health,Health01.txt,1
Health,Health01.txt,0
Health,Health01.txt,0
Health,Health01.txt,0
Health,Health01.txt,1
Health,Health01.txt,0
Health,Health01.txt,1
Health,Health02.txt,1
Health,Health02.txt,0
Health,Health02.txt,1
Health,Health02.txt,1
Health,Health02.txt,0
Health,Health02.txt,0
Health,Health02.txt,0
Health,Health02.txt,0
Health,Health02.txt,0
Health,Health02.txt,1
Health,Health02.txt,1
Health,Health02.txt,1
Health,Health02.txt,0
Health,Health02.txt,0
Health,Health02.txt,0
Health,Health02.txt,1
Health,Health02.txt,0
Health,Health02.txt,0
Health,Health02.txt,1
Health,Health03.txt,1
Health,Health03.txt,1
Health,Health03.txt,1
Health,Health03.txt,0
Health,Health03.txt,0
Health,Health03.txt,0
Health,Health03.txt,0
Health,Health03.txt,0
Health,Health03.txt,1
Health,Health03.txt,0
Health,Health03.txt,1
Health,Health03.txt,0
Health,Health03.txt,0
Health,Health03.txt,1
Health,Health03.txt,1
Health,Health03.txt,0
Health,Health03.txt,0
Health,Health03.txt,0
Health,Health03.txt,1
Health,Health03.txt,0
Health,Health03.txt,0
Health,Health03.txt,0
Health,Health03.txt,0
Health,Health03.txt,1
Health,Health03.txt,1
Health,Health04.txt,1
Health,Health04.txt,0
Health,Health04.txt,1
Health,Health04.txt,0
Health,Health04.txt,0
Health,Health04.txt,1
Health,Health04.txt,0
Health,Health05.txt,1
Health,Health05.txt,0
Health,Health05.txt,1
Health,Health05.txt,1
Health,Health05.txt,0
Health,Health05.txt,0
Health,Health05.txt,0
Health,Health05.txt,0
Health,Health05.txt,1
Health,Health05.txt,0
Health,Health05.txt,0
Health,Health05.txt,0
Health,Health05.txt,0
Health,Health05.txt,1
Health,Health05.txt,0
Health,Health05.txt,1
Health,Health05.txt,0
Health,Health05.txt,1
Health,Health05.txt,0
Health,Health05.txt,0
Health,Health05.txt,1
Health,Health05.txt,1
Health,Health05.txt,0
Health,Health05.txt,0
Health,Health05.txt,1
Health,Health05.txt,0
Health,Health05.txt,1
Health,Health05.txt,0
Health,Health05.txt,0
Health,Health05.txt,0
Health,Health05.txt,0
Health,Health05.txt,1
Health,Health05.txt,0
Health,Health05.txt,1
Health,Health05.txt,1
Health,Health05.txt,0
Health,Health05.txt,0
Health,Health05.txt,0
Health,Health05.txt,0
Health,Health05.txt,1
Health,Health05.txt,0
Health,Health05.txt,1
Health,Health05.txt,0
Health,Health05.txt,0
Health,Health05.txt,1
Health,Health05.txt,0
Health,Health05.txt,0
Health,Health05.txt,1
Health,Health05.txt,0
Health,Health05.txt,1
Health,Health05.txt,1
Health,Health05.txt,1
Health,Health06.txt,1
Health,Health06.txt,0
Health,Health06.txt,0
Health,Health06.txt,0
Health,Health06.txt,0
Health,Health06.txt,0
Health,Health06.txt,1
Health,Health06.txt,1
Health,Health06.txt,1
Health,Health06.txt,1
Health,Health06.txt,0
Health,Health06.txt,1
Health,Health06.txt,0
Health,Health06.txt,0
Health,Health06.txt,0
Health,Health07.txt,1
Health,Health07.txt,1
Health,Health07.txt,1
Health,Health07.txt,0
Health,Health07.txt,0
Health,Health07.txt,0
Health,Health07.txt,0
Health,Health07.txt,1
Health,Health07.txt,0
Health,Health07.txt,0
Health,Health07.txt,1
Health,Health07.txt,0
Health,Health07.txt,0
Health,Health07.txt,1
Health,Health07.txt,1
Health,Health07.txt,0
Health,Health07.txt,1
Health,Health07.txt,0
Health,Health07.txt,0
Health,Health07.txt,1
Health,Health07.txt,0
Health,Health07.txt,0
Health,Health07.txt,0
Health,Health07.txt,0
Health,Health07.txt,0
Health,Health07.txt,1
Health,Health07.txt,0
Health,Health07.txt,0
Health,Health07.txt,0
Health,Health07.txt,1
Health,Health07.txt,1
Int,Int01.txt,1
Int,Int01.txt,0
Int,Int01.txt,1
Int,Int01.txt,0
Int,Int01.txt,0
Int,Int01.txt,0
Int,Int01.txt,1
Int,Int01.txt,0
Int,Int01.txt,0
Int,Int01.txt,1
Int,Int01.txt,0
Int,Int01.txt,0
Int,Int01.txt,1
Int,Int02.txt,1
Int,Int02.txt,1
Int,Int02.txt,0
Int,Int02.txt,0
Int,Int02.txt,0
Int,Int02.txt,0
Int,Int02.txt,1
Int,Int02.txt,0
Int,Int02.txt,1
Int,Int03.txt,1
Int,Int03.txt,0
Int,Int03.txt,0
Int,Int03.txt,1
Int,Int03.txt,0
Int,Int03.txt,0
Int,Int03.txt,0
Int,Int03.txt,0
Int,Int03.txt,1
Int,Int03.txt,0
Int,Int03.txt,0
Int,Int03.txt,1
Int,Int03.txt,1
Int,Int04.txt,1
Int,Int04.txt,0
Int,Int04.txt,0
Int,Int04.txt,0
Int,Int04.txt,0
Int,Int04.txt,1
Int,Int04.txt,0
Int,Int04.txt,1
Int,Int04.txt,0
Int,Int04.txt,1
Int,Int04.txt,0
Int,Int04.txt,1
Int,Int04.txt,0
Int,Int04.txt,0
Int,Int04.txt,1
Int,Int04.txt,0
Int,Int04.txt,1
Int,Int05.txt,1
Int,Int05.txt,0
Int,Int05.txt,1
Int,Int05.txt,0
Int,Int05.txt,0
Int,Int05.txt,1
Int,Int05.txt,0
Int,Int05.txt,0
Int,Int05.txt,0
Int,Int05.txt,0
Int,Int05.txt,1
Int,Int05.txt,0
Int,Int05.txt,0
Int,Int05.txt,0
Int,Int05.txt,1
Int,Int05.txt,1
Int,Int06.txt,1
Int,Int06.txt,1
Int,Int06.txt,0
Int,Int06.txt,0
Int,Int06.txt,0
Int,Int06.txt,1
Int,Int06.txt,0
Int,Int06.txt,1
Int,Int06.txt,0
Int,Int06.txt,1
Int,Int06.txt,0
Int,Int06.txt,0
Int,Int06.txt,0
Int,Int06.txt,1
Int,Int06.txt,0
Int,Int07.txt,1
Int,Int07.txt,1
Int,Int07.txt,0
Int,Int07.txt,0
Int,Int07.txt,0
Int,Int07.txt,1
Int,Int07.txt,0
Int,Int07.txt,0
Int,Int07.txt,0
Int,Int07.txt,0
Int,Int07.txt,1
Int,Int07.txt,0
Int,Int07.txt,1
Int,Int07.txt,0
Int,Int07.txt,1
Int,Int08.txt,1
Int,Int08.txt,0
Int,Int08.txt,1
Int,Int08.txt,0
Int,Int08.txt,0
Int,Int08.txt,1
Int,Int08.txt,0
Int,Int08.txt,0
Int,Int08.txt,0
Int,Int08.txt,0
Int,Int08.txt,0
Int,Int08.txt,1
Int,Int08.txt,1
Int,Int08.txt,1
Int,Int08.txt,0
Int,Int08.txt,0
Int,Int09.txt,0
Int,Int09.txt,0
Int,Int09.txt,0
Int,Int09.txt,0
Int,Int09.txt,1
Int,Int09.txt,0
Int,Int09.txt,1
Int,Int09.txt,0
Int,Int09.txt,0
Int,Int09.txt,1
Int,Int09.txt,1
Int,Int09.txt,0
Int,Int09.txt,0
Int,Int09.txt,1
Int,Int09.txt,0
Int,Int09.txt,1
Int,Int10.txt,0
Int,Int10.txt,0
Int,Int10.txt,1
Int,Int10.txt,1
Int,Int10.txt,0
Int,Int10.txt,0
Int,Int10.txt,1
Int,Int10.txt,1
Int,Int10.txt,0
Int,Int11.txt,1
Int,Int11.txt,1
Int,Int11.txt,0
Int,Int11.txt,0
Int,Int11.txt,1
Int,Int11.txt,0
Int,Int11.txt,0
Int,Int11.txt,0
Int,Int11.txt,0
Int,Int11.txt,0
Int,Int11.txt,1
Int,Int12.txt,1
Int,Int12.txt,0
Int,Int12.txt,0
Int,Int12.txt,1
Int,Int12.txt,0
Int,Int12.txt,0
Int,Int12.txt,0
Int,Int12.txt,0
Int,Int12.txt,0
Int,Int12.txt,0
Int,Int12.txt,1
Int,Int12.txt,1
Int,Int12.txt,0
Int,Int12.txt,1
Int,Int12.txt,0
Int,Int12.txt,1
Int,Int13.txt,1
Int,Int13.txt,1
Int,Int13.txt,0
Int,Int13.txt,0
Int,Int13.txt,1
Int,Int13.txt,0
Int,Int13.txt,1
Int,Int13.txt,0
Int,Int13.txt,1
Int,Int13.txt,0
Int,Int13.txt,0
Int,Int13.txt,1
Int,Int13.txt,0
Int,Int13.txt,1
Int,Int13.txt,0
Int,Int13.txt,1
Int,Int13.txt,0
Int,Int13.txt,1
Int,Int13.txt,0
Int,Int13.txt,0
Int,Int13.txt,0
Int,Int13.txt,0
Int,Int13.txt,0
Int,Int13.txt,1
Int,Int13.txt,0
Int,Int14.txt,1
Int,Int14.txt,0
Int,Int14.txt,0
Int,Int14.txt,1
Int,Int14.txt,0
Int,Int14.txt,0
Int,Int14.txt,1
Int,Int14.txt,1
Int,Int14.txt,1
Int,Int14.txt,0
Int,Int14.txt,0
Int,Int14.txt,0
Int,Int14.txt,1
Int,Int14.txt,1
Int,Int14.txt,0
Int,Int14.txt,0
Int,Int14.txt,0
Int,Int14.txt,0
Int,Int14.txt,0
Int,Int14.txt,1
Int,Int14.txt,0
Int,Int14.txt,1
Int,Int14.txt,0
Int,Int14.txt,0
Int,Int14.txt,0
Int,Int14.txt,1
Int,Int14.txt,0
Int,Int15.txt,1
Int,Int15.txt,0
Int,Int15.txt,1
Int,Int15.txt,1
Int,Int15.txt,0
Int,Int15.txt,0
Int,Int15.txt,0
Int,Int15.txt,1
Int,Int15.txt,0
Int,Int15.txt,0
Int,Int15.txt,0
Int,Int15.txt,1
Int,Int15.txt,0
Int,Int15.txt,1
Int,Int16.txt,1
Int,Int16.txt,0
Int,Int16.txt,0
Int,Int16.txt,1
Int,Int16.txt,0
Int,Int16.txt,0
Int,Int16.txt,1
Int,Int16.txt,1
Int,Int16.txt,0
Int,Int16.txt,0
Int,Int16.txt,0
Int,Int16.txt,1
Int,Int16.txt,0
Int,Int17.txt,1
Int,Int17.txt,0
Int,Int17.txt,1
Int,Int17.txt,0
Int,Int17.txt,1
Int,Int17.txt,0
Int,Int17.txt,0
Int,Int17.txt,1
Int,Int17.txt,0
Int,Int17.txt,1
Int,Int17.txt,0
Int,Int17.txt,0
Int,Int17.txt,1
Int,Int17.txt,0
Int,Int17.txt,0
Int,Int17.txt,0
Int,Int17.txt,1
Int,Int17.txt,1
Int,Int17.txt,0
Int,Int18.txt,1
Int,Int18.txt,0
Int,Int18.txt,0
Int,Int18.txt,1
Int,Int18.txt,0
Int,Int18.txt,1
Int,Int18.txt,0
Int,Int18.txt,0
Int,Int18.txt,0
Int,Int18.txt,0
Int,Int18.txt,1
Int,Int18.txt,1
Int,Int18.txt,0
Int,Int18.txt,0
Int,Int18.txt,1
Int,Int18.txt,0
Int,Int18.txt,0
Int,Int18.txt,1
Int,Int18.txt,1
Int,Int19.txt,1
Int,Int19.txt,0
Int,Int19.txt,1
Int,Int19.txt,0
Int,Int19.txt,1
Int,Int19.txt,0
Int,Int19.txt,0
Int,Int19.txt,0
Int,Int19.txt,0
Int,Int19.txt,1
Int,Int19.txt,0
Int,Int20.txt,1
Int,Int20.txt,0
Int,Int20.txt,1
Int,Int20.txt,1
Int,Int20.txt,0
Int,Int20.txt,0
Int,Int20.txt,0
Int,Int20.txt,1
Int,Int20.txt,0
Int,Int20.txt,0
Int,Int20.txt,0
Int,Int20.txt,1
Int,Int21.txt,1
Int,Int21.txt,0
Int,Int21.txt,0
Int,Int21.txt,1
Int,Int21.txt,0
Int,Int21.txt,1
Int,Int21.txt,0
Int,Int21.txt,0
Int,Int21.txt,1
Int,Int21.txt,0
Int,Int21.txt,0
Int,Int21.txt,1
Int,Int22.txt,1
Int,Int22.txt,0
Int,Int22.txt,1
Int,Int22.txt,0
Int,Int22.txt,0
Int,Int22.txt,1
Int,Int22.txt,0
Int,Int22.txt,0
Int,Int22.txt,1
Int,Int22.txt,0
Int,Int22.txt,0
Int,Int22.txt,1
Int,Int22.txt,1
Int,Int22.txt,0
Int,Int22.txt,0
Int,Int23.txt,1
Int,Int23.txt,1
Int,Int23.txt,0
Int,Int23.txt,0
Int,Int23.txt,0
Int,Int23.txt,0
Int,Int23.txt,0
Int,Int23.txt,1
Int,Int23.txt,0
Int,Int23.txt,0
Int,Int23.txt,0
Int,Int23.txt,1
Int,Int23.txt,0
Int,Int23.txt,0
Int,Int23.txt,0
Int,Int23.txt,1
Int,Int23.txt,0
Int,Int23.txt,1
Int,Int23.txt,0
Int,Int23.txt,0
Int,Int23.txt,1
Int,Int23.txt,0
Int,Int23.txt,1
Int,Int23.txt,1
Int,Int23.txt,1
Int,Int23.txt,0
Int,Int23.txt,1
Int,Int23.txt,0
Int,Int23.txt,0
Int,Int23.txt,1
Int,Int23.txt,0
Int,Int23.txt,0
Int,Int23.txt,0
Int,Int23.txt,1
Int,Int23.txt,0
Int,Int23.txt,1
Int,Int23.txt,0
Int,Int23.txt,1
Int,Int23.txt,1
Int,Int24.txt,1
Int,Int24.txt,0
Int,Int24.txt,1
Int,Int24.txt,1
Int,Int24.txt,0
Int,Int24.txt,0
Int,Int24.txt,0
Int,Int24.txt,0
Int,Int24.txt,1
Int,Int24.txt,0
Int,Int24.txt,0
Int,Int24.txt,0
Int,Int24.txt,1
Int,Int25.txt,1
Int,Int25.txt,0
Int,Int25.txt,0
Int,Int25.txt,1
Int,Int25.txt,0
Int,Int25.txt,1
Int,Int25.txt,0
Int,Int25.txt,0
Int,Int25.txt,0
Int,Int25.txt,1
Int,Int25.txt,0
Int,Int25.txt,1
Int,Int26.txt,1
Int,Int26.txt,0
Int,Int26.txt,1
Int,Int26.txt,0
Int,Int26.txt,1
Int,Int26.txt,0
Int,Int26.txt,0
Int,Int26.txt,0
Int,Int26.txt,1
Int,Int26.txt,0
Int,Int26.txt,0
Int,Int27.txt,1
Int,Int27.txt,0
Int,Int27.txt,0
Int,Int27.txt,0
Int,Int27.txt,1
Int,Int27.txt,0
Int,Int27.txt,1
Int,Int27.txt,1
Int,Int27.txt,0
Int,Int27.txt,0
Int,Int27.txt,1
Int,Int27.txt,0
Int,Int28.txt,1
Int,Int28.txt,0
Int,Int28.txt,1
Int,Int28.txt,0
Int,Int28.txt,0
Int,Int28.txt,0
Int,Int28.txt,0
Int,Int28.txt,1
Int,Int28.txt,0
Int,Int28.txt,1
Int,Int28.txt,0
Int,Int28.txt,1
Int,Int28.txt,0
Int,Int28.txt,1
Int,Int28.txt,0
Int,Int29.txt,1
Int,Int29.txt,0
Int,Int29.txt,0
Int,Int29.txt,1
Int,Int29.txt,0
Int,Int29.txt,1
Int,Int29.txt,0
Int,Int29.txt,0
Int,Int29.txt,0
Int,Int29.txt,1
Int,Int29.txt,0
Int,Int29.txt,1
Int,Int30.txt,1
Int,Int30.txt,0
Int,Int30.txt,1
Int,Int30.txt,0
Int,Int30.txt,1
Int,Int30.txt,0
Int,Int30.txt,0
Int,Int30.txt,1
Int,Int30.txt,0
Int,Int30.txt,1
Int,Int30.txt,0
Int,Int30.txt,0
Int,Int31.txt,1
Int,Int31.txt,0
Int,Int31.txt,0
Int,Int31.txt,1
Int,Int31.txt,0
Int,Int31.txt,0
Int,Int31.txt,1
Int,Int31.txt,0
Int,Int31.txt,0
Int,Int31.txt,1
Int,Int31.txt,0
Int,Int31.txt,0
Int,Int31.txt,1
Int,Int31.txt,0
Int,Int31.txt,1
Int,Int31.txt,0
Int,Int31.txt,1
Int,Int32.txt,1
Int,Int32.txt,0
Int,Int32.txt,0
Int,Int32.txt,1
Int,Int32.txt,0
Int,Int32.txt,0
Int,Int32.txt,0
Int,Int32.txt,0
Int,Int32.txt,0
Int,Int32.txt,1
Int,Int32.txt,0
Int,Int32.txt,1
Int,Int32.txt,1
Int,Int32.txt,0
Int,Int32.txt,0
Int,Int32.txt,1
Int,Int33.txt,1
Int,Int33.txt,0
Int,Int33.txt,1
Int,Int33.txt,0
Int,Int33.txt,1
Int,Int33.txt,0
Int,Int33.txt,0
Int,Int33.txt,0
Int,Int33.txt,0
Int,Int33.txt,1
Int,Int33.txt,1
Int,Int33.txt,0
Int,Int34.txt,1
Int,Int34.txt,0
Int,Int34.txt,1
Int,Int34.txt,0
Int,Int34.txt,1
Int,Int34.txt,0
Int,Int34.txt,1
Int,Int34.txt,1
Int,Int34.txt,0
Int,Int34.txt,0
Int,Int34.txt,0
Int,Int34.txt,1
Int,Int34.txt,0
Int,Int34.txt,0
Int,Int35.txt,0
Int,Int35.txt,1
Int,Int35.txt,1
Int,Int35.txt,0
Int,Int35.txt,0
Int,Int35.txt,1
Int,Int35.txt,0
Int,Int35.txt,0
Int,Int35.txt,0
Int,Int35.txt,1
Int,Int36.txt,0
Int,Int36.txt,1
Int,Int36.txt,1
Int,Int36.txt,1
Int,Int36.txt,0
Int,Int36.txt,0
Int,Int36.txt,0
Int,Int36.txt,0
Int,Int36.txt,0
Int,Int36.txt,1
Int,Int36.txt,0
Int,Int36.txt,0
Int,Int36.txt,1
Int,Int37.txt,1
Int,Int37.txt,0
Int,Int37.txt,1
Int,Int37.txt,0
Int,Int37.txt,0
Int,Int37.txt,1
Int,Int37.txt,0
Int,Int37.txt,0
Int,Int37.txt,1
Int,Int37.txt,0
Int,Int37.txt,1
Int,Int37.txt,0
Int,Int37.txt,0
Int,Int38.txt,1
Int,Int38.txt,0
Int,Int38.txt,0
Int,Int38.txt,0
Int,Int38.txt,0
Int,Int38.txt,1
Int,Int38.txt,0
Int,Int38.txt,1
Int,Int38.txt,1
Int,Int38.txt,0
Int,Int38.txt,0
Int,Int38.txt,1
Int,Int38.txt,0
Int,Int38.txt,0
Int,Int38.txt,0
Int,Int38.txt,1
Int,Int39.txt,1
Int,Int39.txt,0
Int,Int39.txt,0
Int,Int39.txt,0
Int,Int39.txt,0
Int,Int39.txt,1
Int,Int39.txt,0
Int,Int39.txt,0
Int,Int39.txt,0
Int,Int39.txt,1
Int,Int39.txt,1
Int,Int40.txt,1
Int,Int40.txt,0
Int,Int40.txt,0
Int,Int40.txt,1
Int,Int40.txt,0
Int,Int40.txt,0
Int,Int40.txt,0
Int,Int40.txt,1
Int,Int40.txt,0
Int,Int40.txt,0
Int,Int40.txt,1
Int,Int40.txt,1
Int,Int40.txt,0
Int,Int41.txt,1
Int,Int41.txt,1
Int,Int41.txt,0
Int,Int41.txt,0
Int,Int41.txt,1
Int,Int41.txt,1
Int,Int41.txt,0
Int,Int41.txt,0
Int,Int41.txt,0
Int,Int41.txt,0
Int,Int41.txt,0
Int,Int41.txt,1
Int,Int41.txt,0
Int,Int41.txt,1
Int,Int41.txt,0
Int,Int41.txt,1
Int,Int41.txt,0
Int,Int42.txt,1
Int,Int42.txt,0
Int,Int42.txt,1
Int,Int42.txt,0
Int,Int42.txt,1
Int,Int42.txt,0
Int,Int42.txt,0
Int,Int42.txt,1
Int,Int42.txt,0
Int,Int42.txt,0
Int,Int42.txt,1
Int,Int42.txt,0
Int,Int42.txt,0
Int,Int42.txt,0
Int,Int42.txt,0
Int,Int42.txt,1
Int,Int43.txt,1
Int,Int43.txt,0
Int,Int43.txt,0
Int,Int43.txt,0
Int,Int43.txt,0
Int,Int43.txt,1
Int,Int43.txt,1
Int,Int43.txt,1
Int,Int43.txt,0
Int,Int43.txt,1
Int,Int43.txt,1
Int,Int43.txt,0
Int,Int43.txt,0
Int,Int43.txt,0
Int,Int43.txt,0
Int,Int43.txt,0
Int,Int43.txt,0
Int,Int43.txt,1
Int,Int44.txt,1
Int,Int44.txt,0
Int,Int44.txt,0
Int,Int44.txt,1
Int,Int44.txt,0
Int,Int44.txt,1
Int,Int44.txt,0
Int,Int44.txt,1
Int,Int44.txt,0
Int,Int44.txt,1
Int,Int44.txt,1
Int,Int44.txt,0
Int,Int44.txt,0
Int,Int44.txt,1
Int,Int44.txt,1
Int,Int44.txt,0
Int,Int44.txt,0
Int,Int44.txt,1
Int,Int44.txt,0
Int,Int44.txt,0
Int,Int44.txt,1
Int,Int44.txt,0
Int,Int44.txt,0
Int,Int44.txt,0
Int,Int44.txt,0
Int,Int44.txt,0
Int,Int44.txt,0
Int,Int44.txt,1
Int,Int45.txt,0
Int,Int45.txt,1
Int,Int45.txt,1
Int,Int45.txt,0
Int,Int45.txt,1
Int,Int45.txt,0
Int,Int45.txt,0
Int,Int45.txt,0
Int,Int45.txt,0
Int,Int45.txt,1
Int,Int46.txt,1
Int,Int46.txt,0
Int,Int46.txt,1
Int,Int46.txt,0
Int,Int46.txt,1
Int,Int46.txt,0
Int,Int46.txt,0
Int,Int46.txt,1
Int,Int46.txt,1
Int,Int46.txt,0
Int,Int46.txt,0
Int,Int46.txt,0
Int,Int47.txt,1
Int,Int47.txt,0
Int,Int47.txt,1
Int,Int47.txt,0
Int,Int47.txt,0
Int,Int47.txt,0
Int,Int47.txt,1
Int,Int47.txt,0
Int,Int47.txt,0
Int,Int47.txt,1
Int,Int48.txt,0
Int,Int48.txt,1
Int,Int48.txt,1
Int,Int48.txt,0
Int,Int48.txt,0
Int,Int48.txt,0
Int,Int48.txt,1
Int,Int48.txt,0
Int,Int48.txt,0
Int,Int48.txt,0
Int,Int48.txt,1
Int,Int49.txt,1
Int,Int49.txt,0
Int,Int49.txt,1
Int,Int49.txt,0
Int,Int49.txt,0
Int,Int49.txt,1
Int,Int49.txt,0
Int,Int49.txt,1
Int,Int49.txt,0
Int,Int49.txt,1
Int,Int49.txt,0
Int,Int49.txt,0
Int,Int49.txt,1
Int,Int49.txt,0
Int,Int49.txt,0
Int,Int50.txt,1
Int,Int50.txt,1
Int,Int50.txt,1
Int,Int50.txt,0
Int,Int50.txt,0
Int,Int50.txt,1
Int,Int50.txt,0
Int,Int50.txt,0
Int,Int50.txt,1
Int,Int50.txt,0
Int,Int50.txt,0
Int,Int50.txt,0
Int,Int51.txt,1
Int,Int51.txt,0
Int,Int51.txt,1
Int,Int51.txt,0
Int,Int51.txt,0
Int,Int51.txt,0
Int,Int51.txt,1
Int,Int51.txt,0
Int,Int51.txt,0
Int,Int51.txt,1
Int,Int51.txt,0
Int,Int52.txt,0
Int,Int52.txt,0
Int,Int52.txt,1
Int,Int52.txt,0
Int,Int52.txt,1
Int,Int52.txt,0
Int,Int52.txt,0
Int,Int52.txt,0
Int,Int52.txt,1
Int,Int52.txt,1
Int,Int52.txt,0
Int,Int52.txt,0
Int,Int52.txt,0
Int,Int52.txt,1
Int,Int52.txt,1
Int,Int52.txt,0
Int,Int52.txt,1
Int,Int52.txt,0
Int,Int52.txt,0
Int,Int52.txt,1
Int,Int52.txt,1
Political,Political01.txt,1
Political,Political01.txt,0
Political,Political01.txt,0
Political,Political01.txt,1
Political,Political01.txt,0
Political,Political01.txt,0
Political,Political01.txt,1
Political,Political01.txt,1
Political,Political01.txt,0
Political,Political02.txt,1
Political,Political02.txt,0
Political,Political02.txt,0
Political,Political02.txt,1
Political,Political02.txt,0
Political,Political02.txt,0
Political,Political02.txt,1
Political,Political02.txt,0
Political,Political02.txt,0
Political,Political02.txt,1
Political,Political03.txt,1
Political,Political03.txt,0
Political,Political03.txt,1
Political,Political03.txt,0
Political,Political03.txt,1
Political,Political03.txt,0
Political,Political03.txt,0
Political,Political03.txt,0
Political,Political03.txt,0
Political,Political03.txt,0
Political,Political03.txt,1
Political,Political03.txt,0
Political,Political03.txt,1
Political,Political03.txt,1
Political,Political04.txt,1
Political,Political04.txt,0
Political,Political04.txt,0
Political,Political04.txt,1
Political,Political04.txt,1
Political,Political04.txt,0
Political,Political04.txt,0
Political,Political04.txt,0
Political,Political04.txt,0
Political,Political04.txt,0
Political,Political04.txt,1
Political,Political05.txt,1
Political,Political05.txt,0
Political,Political05.txt,0
Political,Political05.txt,0
Political,Political05.txt,1
Political,Political05.txt,1
Political,Political05.txt,0
Political,Political05.txt,0
Political,Political05.txt,1
Political,Political06.txt,1
Political,Political06.txt,0
Political,Political06.txt,1
Political,Political06.txt,0
Political,Political06.txt,0
Political,Political06.txt,1
Political,Political06.txt,0
Political,Political06.txt,1
Political,Political06.txt,1
Political,Political06.txt,0
Political,Political06.txt,0
Political,Political06.txt,1
Political,Political06.txt,0
Political,Political06.txt,1
Political,Political06.txt,1
Political,Political06.txt,0
Political,Political06.txt,0
Political,Political06.txt,0
Political,Political06.txt,0
Political,Political06.txt,1
Political,Political06.txt,0
Political,Political06.txt,0
Political,Political06.txt,1
Political,Political06.txt,0
Political,Political07.txt,1
Political,Political07.txt,0
Political,Political07.txt,0
Political,Political07.txt,1
Political,Political07.txt,0
Political,Political07.txt,0
Political,Political07.txt,1
Political,Political08.txt,1
Political,Political08.txt,1
Political,Political08.txt,0
Political,Political08.txt,0
Political,Political08.txt,0
Political,Political08.txt,1
Political,Political08.txt,1
Political,Political08.txt,0
Political,Political08.txt,1
Political,Political08.txt,0
Political,Political08.txt,0
Political,Political08.txt,0
Political,Political08.txt,1
Political,Political08.txt,1
Political,Political08.txt,0
Political,Political08.txt,0
Political,Political08.txt,0
Political,Political09.txt,0
Political,Political09.txt,0
Political,Political09.txt,1
Political,Political09.txt,1
Political,Political09.txt,0
Political,Political09.txt,1
Political,Political09.txt,0
Political,Political09.txt,0
Political,Political09.txt,1
Political,Political10.txt,1
Political,Political10.txt,0
Political,Political10.txt,0
Political,Political10.txt,0
Political,Political10.txt,1
Political,Political10.txt,0
Political,Political10.txt,1
Political,Political10.txt,0
Political,Political10.txt,0
Political,Political10.txt,0
Political,Political10.txt,1
Political,Political10.txt,1
Political,Political11.txt,1
Political,Political11.txt,0
Political,Political11.txt,0
Political,Political11.txt,0
Political,Political11.txt,1
Political,Political11.txt,0
Political,Political11.txt,0
Political,Political11.txt,1
Political,Political11.txt,1
Political,Political11.txt,0
Political,Political11.txt,1
Political,Political11.txt,0
Political,Political11.txt,1
Political,Political11.txt,1
Political,Political11.txt,0
Political,Political11.txt,0
Political,Political11.txt,0
Political,Political11.txt,0
Political,Political12.txt,1
Political,Political12.txt,1
Political,Political12.txt,0
Political,Political12.txt,0
Political,Political12.txt,0
Political,Political12.txt,1
Political,Political12.txt,0
Political,Political12.txt,0
Political,Political12.txt,1
Political,Political12.txt,0
Political,Political13.txt,0
Political,Political13.txt,1
Political,Political13.txt,1
Political,Political13.txt,0
Political,Political13.txt,0
Political,Political13.txt,0
Political,Political13.txt,1
Political,Political13.txt,1
Political,Political13.txt,1
Political,Political13.txt,0
Political,Political13.txt,0
Political,Political13.txt,0
Political,Political13.txt,0
Political,Political13.txt,1
Political,Political13.txt,0
Political,Political13.txt,1
Political,Political13.txt,0
Political,Political13.txt,0
Political,Political14.txt,1
Political,Political14.txt,0
Political,Political14.txt,0
Political,Political14.txt,0
Political,Political14.txt,0
Political,Political14.txt,0
Political,Political14.txt,1
Political,Political14.txt,1
Political,Political14.txt,0
Political,Political14.txt,0
Political,Political14.txt,1
Political,Political14.txt,0
Political,Political14.txt,1
Political,Political14.txt,0
Political,Political14.txt,0
Political,Political14.txt,1
Political,Political14.txt,0
Political,Political14.txt,1
Political,Political14.txt,0
Political,Political14.txt,1
Political,Political15.txt,1
Political,Political15.txt,1
Political,Political15.txt,0
Political,Political15.txt,0
Political,Political15.txt,1
Political,Political15.txt,0
Political,Political15.txt,0
Political,Political15.txt,0
Political,Political15.txt,0
Political,Political15.txt,0
Political,Political15.txt,0
Political,Political15.txt,1
Political,Political15.txt,1
Political,Political16.txt,1
Political,Political16.txt,0
Political,Political16.txt,0
Political,Political16.txt,0
Political,Political16.txt,1
Political,Political16.txt,1
Political,Political16.txt,0
Political,Political16.txt,0
Political,Political16.txt,1
Political,Political16.txt,0
Political,Political17.txt,1
Political,Political17.txt,0
Political,Political17.txt,0
Political,Political17.txt,1
Political,Political17.txt,0
Political,Political17.txt,0
Political,Political17.txt,0
Political,Political17.txt,1
Political,Political17.txt,0
Political,Political17.txt,1
Political,Political18.txt,1
Political,Political18.txt,1
Political,Political18.txt,0
Political,Political18.txt,1
Political,Political18.txt,1
Political,Political18.txt,0
Political,Political18.txt,0
Political,Political18.txt,0
Political,Political18.txt,0
Political,Political18.txt,0
Political,Political19.txt,0
Political,Political19.txt,1
Political,Political19.txt,0
Political,Political19.txt,0
Political,Political19.txt,0
Political,Political19.txt,0
Political,Political19.txt,1
Political,Political19.txt,1
Political,Political19.txt,0
Political,Political19.txt,1
SciTech,SciTech01.txt,1
SciTech,SciTech01.txt,0
SciTech,SciTech01.txt,1
SciTech,SciTech01.txt,0
SciTech,SciTech01.txt,1
SciTech,SciTech01.txt,1
SciTech,SciTech01.txt,0
SciTech,SciTech01.txt,0
SciTech,SciTech01.txt,0
SciTech,SciTech01.txt,0
SciTech,SciTech01.txt,0
SciTech,SciTech01.txt,1
SciTech,SciTech01.txt,0
SciTech,SciTech01.txt,0
SciTech,SciTech01.txt,0
SciTech,SciTech01.txt,1
SciTech,SciTech01.txt,0
SciTech,SciTech01.txt,0
SciTech,SciTech01.txt,1
SciTech,SciTech01.txt,0
SciTech,SciTech01.txt,0
SciTech,SciTech01.txt,1
SciTech,SciTech01.txt,0
SciTech,SciTech01.txt,1
SciTech,SciTech01.txt,1
SciTech,SciTech02.txt,1
SciTech,SciTech02.txt,0
SciTech,SciTech02.txt,1
SciTech,SciTech02.txt,1
SciTech,SciTech02.txt,0
SciTech,SciTech02.txt,0
SciTech,SciTech02.txt,1
SciTech,SciTech02.txt,1
SciTech,SciTech02.txt,0
SciTech,SciTech02.txt,0
SciTech,SciTech02.txt,0
SciTech,SciTech02.txt,1
SciTech,SciTech02.txt,0
SciTech,SciTech02.txt,0
SciTech,SciTech02.txt,0
SciTech,SciTech02.txt,1
SciTech,SciTech02.txt,1
SciTech,SciTech02.txt,1
SciTech,SciTech02.txt,0
SciTech,SciTech02.txt,0
SciTech,SciTech02.txt,0
SciTech,SciTech02.txt,0
SciTech,SciTech02.txt,0
SciTech,SciTech02.txt,0
SciTech,SciTech02.txt,0
SciTech,SciTech02.txt,1
SciTech,SciTech02.txt,1
SciTech,SciTech03.txt,0
SciTech,SciTech03.txt,1
SciTech,SciTech03.txt,0
SciTech,SciTech03.txt,1
SciTech,SciTech03.txt,1
SciTech,SciTech03.txt,0
SciTech,SciTech03.txt,0
SciTech,SciTech03.txt,0
SciTech,SciTech03.txt,1
SciTech,SciTech03.txt,0
SciTech,SciTech03.txt,0
SciTech,SciTech03.txt,1
SciTech,SciTech03.txt,0
SciTech,SciTech04.txt,1
SciTech,SciTech04.txt,0
SciTech,SciTech04.txt,1
SciTech,SciTech04.txt,0
SciTech,SciTech04.txt,1
SciTech,SciTech04.txt,0
SciTech,SciTech04.txt,0
SciTech,SciTech04.txt,0
SciTech,SciTech04.txt,1
SciTech,SciTech04.txt,1
SciTech,SciTech04.txt,0
SciTech,SciTech04.txt,0
SciTech,SciTech05.txt,1
SciTech,SciTech05.txt,0
SciTech,SciTech05.txt,0
SciTech,SciTech05.txt,0
SciTech,SciTech05.txt,0
SciTech,SciTech05.txt,1
SciTech,SciTech05.txt,1
SciTech,SciTech05.txt,0
SciTech,SciTech05.txt,0
SciTech,SciTech05.txt,1
SciTech,SciTech05.txt,0
SciTech,SciTech05.txt,1
SciTech,SciTech05.txt,0
SciTech,SciTech05.txt,1
SciTech,SciTech05.txt,0
SciTech,SciTech06.txt,1
SciTech,SciTech06.txt,1
SciTech,SciTech06.txt,1
SciTech,SciTech06.txt,1
SciTech,SciTech06.txt,0
SciTech,SciTech06.txt,0
SciTech,SciTech06.txt,1
SciTech,SciTech06.txt,1
SciTech,SciTech06.txt,0
SciTech,SciTech06.txt,0
SciTech,SciTech06.txt,0
SciTech,SciTech06.txt,0
SciTech,SciTech06.txt,0
SciTech,SciTech06.txt,0
SciTech,SciTech07.txt,1
SciTech,SciTech07.txt,1
SciTech,SciTech07.txt,0
SciTech,SciTech07.txt,1
SciTech,SciTech07.txt,0
SciTech,SciTech07.txt,0
SciTech,SciTech07.txt,0
SciTech,SciTech07.txt,1
SciTech,SciTech07.txt,0
SciTech,SciTech07.txt,0
SciTech,SciTech08.txt,1
SciTech,SciTech08.txt,0
SciTech,SciTech08.txt,1
SciTech,SciTech08.txt,1
SciTech,SciTech08.txt,0
SciTech,SciTech08.txt,0
SciTech,SciTech08.txt,0
SciTech,SciTech08.txt,0
SciTech,SciTech08.txt,0
SciTech,SciTech08.txt,1
SciTech,SciTech08.txt,1
SciTech,SciTech08.txt,0
SciTech,SciTech09.txt,1
SciTech,SciTech09.txt,1
SciTech,SciTech09.txt,0
SciTech,SciTech09.txt,1
SciTech,SciTech09.txt,1
SciTech,SciTech09.txt,0
SciTech,SciTech09.txt,0
SciTech,SciTech09.txt,0
SciTech,SciTech09.txt,1
SciTech,SciTech09.txt,0
SciTech,SciTech09.txt,0
SciTech,SciTech09.txt,0
SciTech,SciTech09.txt,1
SciTech,SciTech09.txt,1
SciTech,SciTech09.txt,1
SciTech,SciTech09.txt,1
SciTech,SciTech09.txt,0
SciTech,SciTech09.txt,0
SciTech,SciTech09.txt,0
SciTech,SciTech09.txt,0
SciTech,SciTech09.txt,0
SciTech,SciTech09.txt,0
SciTech,SciTech10.txt,1
SciTech,SciTech10.txt,1
SciTech,SciTech10.txt,1
SciTech,SciTech10.txt,0
SciTech,SciTech10.txt,0
SciTech,SciTech10.txt,0
SciTech,SciTech10.txt,1
SciTech,SciTech10.txt,1
SciTech,SciTech10.txt,0
SciTech,SciTech10.txt,0
SciTech,SciTech10.txt,0
SciTech,SciTech10.txt,1
SciTech,SciTech10.txt,0
SciTech,SciTech10.txt,0
SciTech,SciTech10.txt,1
SciTech,SciTech10.txt,1
SciTech,SciTech10.txt,0
SciTech,SciTech10.txt,0
SciTech,SciTech10.txt,0
SciTech,SciTech10.txt,1
SciTech,SciTech10.txt,0
SciTech,SciTech10.txt,0
SciTech,SciTech10.txt,0
SciTech,SciTech10.txt,0
SciTech,SciTech10.txt,1
SciTech,SciTech10.txt,0
SciTech,SciTech10.txt,0
SciTech,SciTech10.txt,1
SciTech,SciTech10.txt,0
SciTech,SciTech10.txt,0
SciTech,SciTech10.txt,0
SciTech,SciTech10.txt,0
SciTech,SciTech10.txt,0
SciTech,SciTech10.txt,0
SciTech,SciTech10.txt,0
SciTech,SciTech10.txt,1
SciTech,SciTech10.txt,1
SciTech,SciTech10.txt,1
SciTech,SciTech10.txt,0
SciTech,SciTech10.txt,1
SciTech,SciTech10.txt,0
SciTech,SciTech10.txt,1
SciTech,SciTech10.txt,1
SciTech,SciTech10.txt,1
SciTech,SciTech11.txt,1
SciTech,SciTech11.txt,1
SciTech,SciTech11.txt,0
SciTech,SciTech11.txt,0
SciTech,SciTech11.txt,1
SciTech,SciTech11.txt,0
SciTech,SciTech11.txt,1
SciTech,SciTech11.txt,0
SciTech,SciTech11.txt,0
SciTech,SciTech11.txt,1
SciTech,SciTech11.txt,0
SciTech,SciTech11.txt,1
SciTech,SciTech11.txt,1
SciTech,SciTech11.txt,1
SciTech,SciTech11.txt,0
SciTech,SciTech11.txt,1
SciTech,SciTech11.txt,0
SciTech,SciTech11.txt,0
SciTech,SciTech11.txt,0
SciTech,SciTech11.txt,0
SciTech,SciTech11.txt,0
SciTech,SciTech11.txt,1
SciTech,SciTech11.txt,1
SciTech,SciTech11.txt,0
SciTech,SciTech11.txt,0
SciTech,SciTech11.txt,0
SciTech,SciTech11.txt,1
SciTech,SciTech11.txt,0
SciTech,SciTech11.txt,0
SciTech,SciTech11.txt,1
SciTech,SciTech11.txt,1
SciTech,SciTech11.txt,0
SciTech,SciTech11.txt,0
SciTech,SciTech11.txt,0
SciTech,SciTech11.txt,0
SciTech,SciTech11.txt,0
SciTech,SciTech11.txt,0
SciTech,SciTech11.txt,1
SciTech,SciTech11.txt,0
SciTech,SciTech11.txt,1
SciTech,SciTech12.txt,1
SciTech,SciTech12.txt,0
SciTech,SciTech12.txt,0
SciTech,SciTech12.txt,0
SciTech,SciTech12.txt,0
SciTech,SciTech12.txt,0
SciTech,SciTech12.txt,1
SciTech,SciTech12.txt,0
SciTech,SciTech12.txt,0
SciTech,SciTech12.txt,0
SciTech,SciTech12.txt,1
SciTech,SciTech12.txt,0
SciTech,SciTech12.txt,1
SciTech,SciTech12.txt,0
SciTech,SciTech12.txt,1
SciTech,SciTech12.txt,0
SciTech,SciTech12.txt,1
SciTech,SciTech12.txt,1
SciTech,SciTech13.txt,1
SciTech,SciTech13.txt,1
SciTech,SciTech13.txt,0
SciTech,SciTech13.txt,0
SciTech,SciTech13.txt,1
SciTech,SciTech13.txt,0
SciTech,SciTech13.txt,1
SciTech,SciTech13.txt,0
SciTech,SciTech13.txt,1
SciTech,SciTech13.txt,0
SciTech,SciTech13.txt,0
SciTech,SciTech13.txt,0
SciTech,SciTech13.txt,1
SciTech,SciTech13.txt,0
SciTech,SciTech13.txt,1
SciTech,SciTech13.txt,0
SciTech,SciTech13.txt,0
SciTech,SciTech13.txt,0
SciTech,SciTech13.txt,0
SciTech,SciTech13.txt,1
SciTech,SciTech13.txt,0
SciTech,SciTech13.txt,0
SciTech,SciTech13.txt,0
SciTech,SciTech13.txt,1
SciTech,SciTech13.txt,0
SciTech,SciTech13.txt,1
SciTech,SciTech13.txt,0
SciTech,SciTech13.txt,0
SciTech,SciTech13.txt,1
SciTech,SciTech13.txt,0
SciTech,SciTech13.txt,0
SciTech,SciTech13.txt,1
SciTech,SciTech13.txt,0
SciTech,SciTech13.txt,0
SciTech,SciTech13.txt,0
SciTech,SciTech13.txt,0
SciTech,SciTech13.txt,0
SciTech,SciTech13.txt,0
SciTech,SciTech13.txt,1
SciTech,SciTech13.txt,0
SciTech,SciTech13.txt,1
SciTech,SciTech13.txt,0
SciTech,SciTech13.txt,0
SciTech,SciTech13.txt,1
SciTech,SciTech13.txt,0
SciTech,SciTech13.txt,1
SciTech,SciTech13.txt,0
SciTech,SciTech13.txt,0
SciTech,SciTech13.txt,0
SciTech,SciTech13.txt,1
SciTech,SciTech13.txt,1
SciTech,SciTech13.txt,1
SciTech,SciTech13.txt,1
SciTech,SciTech13.txt,0
SciTech,SciTech13.txt,1
SciTech,SciTech13.txt,0
SciTech,SciTech13.txt,0
SciTech,SciTech13.txt,0
SciTech,SciTech13.txt,1
SciTech,SciTech13.txt,1
SciTech,SciTech13.txt,0
SciTech,SciTech13.txt,1
SciTech,SciTech13.txt,1
SciTech,SciTech13.txt,0
SciTech,SciTech13.txt,0
SciTech,SciTech13.txt,1
SciTech,SciTech13.txt,0
SciTech,SciTech13.txt,1
SciTech,SciTech13.txt,1
SciTech,SciTech13.txt,0
SciTech,SciTech14.txt,1
SciTech,SciTech14.txt,0
SciTech,SciTech14.txt,0
SciTech,SciTech14.txt,1
SciTech,SciTech14.txt,0
SciTech,SciTech14.txt,0
SciTech,SciTech14.txt,0
SciTech,SciTech14.txt,0
SciTech,SciTech14.txt,0
SciTech,SciTech14.txt,1
SciTech,SciTech14.txt,0
SciTech,SciTech14.txt,1
SciTech,SciTech14.txt,1
SciTech,SciTech14.txt,1
SciTech,SciTech14.txt,0
SciTech,SciTech14.txt,0
SciTech,SciTech15.txt,1
SciTech,SciTech15.txt,0
SciTech,SciTech15.txt,0
SciTech,SciTech15.txt,1
SciTech,SciTech15.txt,1
SciTech,SciTech15.txt,0
SciTech,SciTech15.txt,0
SciTech,SciTech15.txt,0
SciTech,SciTech15.txt,0
SciTech,SciTech15.txt,1
SciTech,SciTech15.txt,0
SciTech,SciTech15.txt,0
SciTech,SciTech15.txt,0
SciTech,SciTech15.txt,1
SciTech,SciTech15.txt,1
SciTech,SciTech15.txt,0
SciTech,SciTech16.txt,1
SciTech,SciTech16.txt,0
SciTech,SciTech16.txt,1
SciTech,SciTech16.txt,0
SciTech,SciTech16.txt,0
SciTech,SciTech16.txt,0
SciTech,SciTech16.txt,1
SciTech,SciTech17.txt,0
SciTech,SciTech17.txt,1
SciTech,SciTech17.txt,0
SciTech,SciTech17.txt,0
SciTech,SciTech17.txt,1
SciTech,SciTech17.txt,0
SciTech,SciTech17.txt,1
SciTech,SciTech17.txt,0
SciTech,SciTech17.txt,0
SciTech,SciTech17.txt,1
SciTech,SciTech17.txt,0
SciTech,SciTech18.txt,0
SciTech,SciTech18.txt,0
SciTech,SciTech18.txt,1
SciTech,SciTech18.txt,0
SciTech,SciTech18.txt,0
SciTech,SciTech18.txt,0
SciTech,SciTech18.txt,1
SciTech,SciTech18.txt,1
SciTech,SciTech19.txt,1
SciTech,SciTech19.txt,0
SciTech,SciTech19.txt,0
SciTech,SciTech19.txt,0
SciTech,SciTech19.txt,1
SciTech,SciTech19.txt,1
SciTech,SciTech19.txt,0
SciTech,SciTech19.txt,1
SciTech,SciTech19.txt,0
SciTech,SciTech19.txt,0
SciTech,SciTech19.txt,0
SciTech,SciTech19.txt,0
SciTech,SciTech19.txt,1
Sport,Sport01.txt,1
Sport,Sport01.txt,0
Sport,Sport01.txt,0
Sport,Sport01.txt,1
Sport,Sport01.txt,0
Sport,Sport01.txt,1
Sport,Sport01.txt,0
Sport,Sport01.txt,1
Sport,Sport01.txt,0
Sport,Sport01.txt,0
Sport,Sport01.txt,1
Sport,Sport01.txt,0
Sport,Sport01.txt,0
Sport,Sport01.txt,1
Sport,Sport01.txt,0
Sport,Sport02.txt,1
Sport,Sport02.txt,0
Sport,Sport02.txt,0
Sport,Sport02.txt,0
Sport,Sport02.txt,0
Sport,Sport02.txt,1
Sport,Sport02.txt,0
Sport,Sport02.txt,0
Sport,Sport02.txt,1
Sport,Sport02.txt,0
Sport,Sport02.txt,1
Sport,Sport02.txt,0
Sport,Sport02.txt,0
Sport,Sport02.txt,0
Sport,Sport02.txt,1
Sport,Sport02.txt,1
Sport,Sport02.txt,0
Sport,Sport02.txt,0
Sport,Sport02.txt,1
Sport,Sport02.txt,0
Sport,Sport02.txt,1
Sport,Sport02.txt,1
Sport,Sport02.txt,0
Sport,Sport02.txt,1
Sport,Sport02.txt,0
Sport,Sport02.txt,0
Sport,Sport02.txt,0
Sport,Sport02.txt,1
Sport,Sport03.txt,1
Sport,Sport03.txt,1
Sport,Sport03.txt,1
Sport,Sport03.txt,0
Sport,Sport03.txt,0
Sport,Sport03.txt,0
Sport,Sport03.txt,0
Sport,Sport03.txt,0
Sport,Sport03.txt,1
Sport,Sport03.txt,0
Sport,Sport03.txt,0
Sport,Sport03.txt,1
Sport,Sport03.txt,1
Sport,Sport03.txt,0
Sport,Sport03.txt,0
Sport,Sport03.txt,1
Sport,Sport03.txt,0
Sport,Sport03.txt,0
Sport,Sport03.txt,1
Sport,Sport03.txt,0
Sport,Sport04.txt,1
Sport,Sport04.txt,1
Sport,Sport04.txt,0
Sport,Sport04.txt,1
Sport,Sport04.txt,0
Sport,Sport04.txt,0
Sport,Sport04.txt,0
Sport,Sport04.txt,0
Sport,Sport05.txt,1
Sport,Sport05.txt,0
Sport,Sport05.txt,0
Sport,Sport05.txt,0
Sport,Sport05.txt,0
Sport,Sport05.txt,1
Sport,Sport05.txt,1
Sport,Sport05.txt,0
Sport,Sport06.txt,1
Sport,Sport06.txt,1
Sport,Sport06.txt,1
Sport,Sport06.txt,0
Sport,Sport06.txt,0
Sport,Sport06.txt,1
Sport,Sport06.txt,0
Sport,Sport06.txt,0
Sport,Sport06.txt,0
Sport,Sport06.txt,0
Sport,Sport06.txt,0
Sport,Sport06.txt,1
Sport,Sport07.txt,1
Sport,Sport07.txt,1
Sport,Sport07.txt,0
Sport,Sport07.txt,0
Sport,Sport07.txt,0
Sport,Sport07.txt,0
Sport,Sport07.txt,1
Sport,Sport07.txt,0
Sport,Sport08.txt,1
Sport,Sport08.txt,0
Sport,Sport08.txt,0
Sport,Sport08.txt,1
Sport,Sport08.txt,0
Sport,Sport08.txt,0
Sport,Sport08.txt,0
Sport,Sport08.txt,1
Sport,Sport08.txt,0
Sport,Sport08.txt,0
Sport,Sport08.txt,1
Sport,Sport09.txt,0
Sport,Sport09.txt,1
Sport,Sport09.txt,1
Sport,Sport09.txt,0
Sport,Sport09.txt,0
Sport,Sport09.txt,0
Sport,Sport09.txt,1
Sport,Sport10.txt,0
Sport,Sport10.txt,1
Sport,Sport10.txt,0
Sport,Sport10.txt,0
Sport,Sport10.txt,1
Sport,Sport10.txt,0
Sport,Sport10.txt,0
Sport,Sport10.txt,0
Sport,Sport10.txt,0
Sport,Sport10.txt,0
Sport,Sport10.txt,1
Sport,Sport10.txt,1
Sport,Sport10.txt,1
Sport,Sport11.txt,1
Sport,Sport11.txt,0
Sport,Sport11.txt,0
Sport,Sport11.txt,0
Sport,Sport11.txt,1
Sport,Sport11.txt,0
Sport,Sport11.txt,1
Sport,Sport11.txt,0
Sport,Sport11.txt,1
Sport,Sport12.txt,1
Sport,Sport12.txt,1
Sport,Sport12.txt,0
Sport,Sport12.txt,0
Sport,Sport12.txt,0
Sport,Sport12.txt,1
Sport,Sport12.txt,0
Sport,Sport12.txt,1
Sport,Sport12.txt,0
Sport,Sport12.txt,1
Sport,Sport12.txt,0
Sport,Sport12.txt,0
Sport,Sport13.txt,1
Sport,Sport13.txt,1
Sport,Sport13.txt,0
Sport,Sport13.txt,1
Sport,Sport13.txt,0
Sport,Sport13.txt,0
Sport,Sport13.txt,1
Sport,Sport13.txt,0
Sport,Sport13.txt,0
Sport,Sport13.txt,1
Sport,Sport13.txt,1
Sport,Sport13.txt,0
Sport,Sport13.txt,0
Sport,Sport13.txt,0
Sport,Sport13.txt,1
Sport,Sport13.txt,0
Sport,Sport13.txt,0
Sport,Sport13.txt,0
Sport,Sport13.txt,1
Sport,Sport13.txt,0
Sport,Sport13.txt,0
Sport,Sport13.txt,0
Sport,Sport13.txt,1
Sport,Sport14.txt,0
Sport,Sport14.txt,1
Sport,Sport14.txt,0
Sport,Sport14.txt,1
Sport,Sport14.txt,0
Sport,Sport14.txt,1
Sport,Sport14.txt,1
Sport,Sport14.txt,0
Sport,Sport14.txt,0
Sport,Sport14.txt,0
Sport,Sport14.txt,0
Sport,Sport14.txt,0
Sport,Sport14.txt,1
Sport,Sport15.txt,1
Sport,Sport15.txt,0
Sport,Sport15.txt,0
Sport,Sport15.txt,1
Sport,Sport15.txt,1
Sport,Sport15.txt,0
Sport,Sport15.txt,1
Sport,Sport15.txt,0
Sport,Sport15.txt,0
Sport,Sport15.txt,0
Sport,Sport15.txt,0
Sport,Sport15.txt,1
Sport,Sport15.txt,0
Sport,Sport15.txt,1
Sport,Sport15.txt,0
Sport,Sport15.txt,0
Sport,Sport15.txt,1
Sport,Sport15.txt,0
Sport,Sport15.txt,0
Sport,Sport15.txt,1
Sport,Sport15.txt,1
Sport,Sport15.txt,0
Sport,Sport15.txt,0
Sport,Sport15.txt,0
Sport,Sport15.txt,0
Sport,Sport15.txt,0
Sport,Sport15.txt,1
Sport,Sport15.txt,1
Sport,Sport16.txt,1
Sport,Sport16.txt,1
Sport,Sport16.txt,1
Sport,Sport16.txt,1
Sport,Sport16.txt,0
Sport,Sport16.txt,0
Sport,Sport16.txt,0
Sport,Sport16.txt,0
Sport,Sport16.txt,1
Sport,Sport16.txt,1
Sport,Sport16.txt,0
Sport,Sport16.txt,1
Sport,Sport16.txt,0
Sport,Sport16.txt,0
Sport,Sport16.txt,1
Sport,Sport16.txt,0
Sport,Sport16.txt,0
Sport,Sport16.txt,1
Sport,Sport16.txt,1
Sport,Sport16.txt,0
Sport,Sport16.txt,0
Sport,Sport16.txt,1
Sport,Sport16.txt,0
Sport,Sport16.txt,0
Sport,Sport16.txt,1
Sport,Sport16.txt,1
Sport,Sport16.txt,0
Sport,Sport16.txt,0
Sport,Sport16.txt,0
Sport,Sport16.txt,0
Sport,Sport16.txt,1
Sport,Sport16.txt,1
Sport,Sport16.txt,0
Sport,Sport16.txt,0
Sport,Sport16.txt,1
Sport,Sport16.txt,0
Sport,Sport16.txt,0
Sport,Sport16.txt,1
Sport,Sport16.txt,0
Sport,Sport16.txt,0
Sport,Sport16.txt,0
Sport,Sport16.txt,1
Sport,Sport16.txt,0
Sport,Sport16.txt,1
Sport,Sport16.txt,0
Sport,Sport16.txt,0
Sport,Sport16.txt,0
Sport,Sport16.txt,0
Sport,Sport16.txt,0
Sport,Sport16.txt,0
Sport,Sport16.txt,0
Sport,Sport16.txt,1
Sport,Sport17.txt,1
Sport,Sport17.txt,0
Sport,Sport17.txt,0
Sport,Sport17.txt,0
Sport,Sport17.txt,0
Sport,Sport17.txt,1
Sport,Sport17.txt,0
Sport,Sport17.txt,0
Sport,Sport17.txt,0
Sport,Sport17.txt,1
Sport,Sport17.txt,1
Sport,Sport18.txt,1
Sport,Sport18.txt,1
Sport,Sport18.txt,0
Sport,Sport18.txt,0
Sport,Sport18.txt,1
Sport,Sport18.txt,0
Sport,Sport18.txt,0
Sport,Sport18.txt,0
Sport,Sport18.txt,0
Sport,Sport18.txt,0
Sport,Sport18.txt,1
Sport,Sport19.txt,1
Sport,Sport19.txt,0
Sport,Sport19.txt,1
Sport,Sport19.txt,0
Sport,Sport19.txt,0
Sport,Sport19.txt,1
Sport,Sport19.txt,0
Sport,Sport19.txt,0
Sport,Sport19.txt,0
Sport,Sport19.txt,1
Sport,Sport19.txt,0
Sport,Sport19.txt,1
Sport,Sport19.txt,0
Sport,Sport19.txt,0
Sport,Sport19.txt,1
Sport,Sport20.txt,1
Sport,Sport20.txt,1
Sport,Sport20.txt,1
Sport,Sport20.txt,0
Sport,Sport20.txt,0
Sport,Sport20.txt,0
Sport,Sport20.txt,0
Sport,Sport20.txt,0
Sport,Sport20.txt,0
Sport,Sport20.txt,1
Sport,Sport20.txt,1
Sport,Sport20.txt,0
Sport,Sport20.txt,1
Sport,Sport20.txt,1
Sport,Sport20.txt,0
Sport,Sport20.txt,1
Sport,Sport20.txt,1
Sport,Sport20.txt,0
Sport,Sport20.txt,0
Sport,Sport20.txt,0
Sport,Sport20.txt,1
Sport,Sport20.txt,0
Sport,Sport20.txt,1
Sport,Sport20.txt,0
Sport,Sport20.txt,1
Sport,Sport20.txt,1
Sport,Sport20.txt,1
Sport,Sport20.txt,0
Sport,Sport20.txt,0
Sport,Sport20.txt,0
Sport,Sport20.txt,0
Sport,Sport20.txt,0
Sport,Sport20.txt,0
Sport,Sport20.txt,1
Sport,Sport20.txt,0
Sport,Sport20.txt,0
Sport,Sport20.txt,1
Sport,Sport20.txt,0
Sport,Sport20.txt,1
Sport,Sport20.txt,1
Sport,Sport20.txt,0
Sport,Sport20.txt,0
Sport,Sport20.txt,0
Sport,Sport20.txt,0
Sport,Sport21.txt,1
Sport,Sport21.txt,0
Sport,Sport21.txt,0
Sport,Sport21.txt,1
Sport,Sport21.txt,1
Sport,Sport21.txt,0
Sport,Sport21.txt,1
Sport,Sport21.txt,0
Sport,Sport21.txt,0
Sport,Sport21.txt,1
Sport,Sport21.txt,0
Sport,Sport21.txt,0
Sport,Sport21.txt,0
Sport,Sport21.txt,0
Sport,Sport21.txt,0
Sport,Sport21.txt,0
Sport,Sport21.txt,1
Sport,Sport21.txt,1
Sport,Sport21.txt,1
Sport,Sport22.txt,1
Sport,Sport22.txt,1
Sport,Sport22.txt,1
Sport,Sport22.txt,0
Sport,Sport22.txt,1
Sport,Sport22.txt,1
Sport,Sport22.txt,1
Sport,Sport22.txt,1
Sport,Sport22.txt,1
Sport,Sport22.txt,1
Sport,Sport22.txt,1
Sport,Sport22.txt,0
Sport,Sport22.txt,0
Sport,Sport22.txt,1
Sport,Sport22.txt,0
Sport,Sport22.txt,1
Sport,Sport22.txt,0
Sport,Sport22.txt,0
Sport,Sport22.txt,0
Sport,Sport22.txt,0
Sport,Sport22.txt,0
Sport,Sport22.txt,0
Sport,Sport22.txt,0
Sport,Sport22.txt,0
Sport,Sport22.txt,0
Sport,Sport22.txt,0
Sport,Sport22.txt,1
Sport,Sport22.txt,0
Sport,Sport22.txt,0
Sport,Sport22.txt,0
Sport,Sport22.txt,1
Sport,Sport22.txt,0
Sport,Sport22.txt,1
Sport,Sport22.txt,0
Sport,Sport22.txt,0
Sport,Sport22.txt,1
Sport,Sport22.txt,0
Sport,Sport22.txt,0
Sport,Sport22.txt,0
